{"cameraMode":{"drawMode":0,"name":"Shaded","section":"Shading Mode"},"sceneLighting":true,"audioPlay":false,"sceneViewState":{"showFog":true,"showMaterialUpdate":false,"showSkybox":true,"showFlares":true,"showImageEffects":true,"showParticleSystems":true},"in2DMode":false,"pivot":{"x":4.010242462158203,"y":-0.63881516456604,"z":1.1863489151000977},"rotation":{"x":-0.10809332132339478,"y":0.009540174156427384,"z":-0.0010399804450571538,"w":-0.9940995573997498},"size":19.24479103088379,"orthographic":false}